{
    "nonew": true,
    "jquery": true,
    "curly": true,
    "latedef": true,
    "maxdepth": 4,
    "unused": true,
    "noarg": true,
    "indent": 4,
    "trailing": true,
    "forin": true,
    "phantom": true,
    "noempty": true,
    "quotmark": "single",
    "maxparams": 5,
    "node": true,
    "maxerr": 10000,
    "eqeqeq": true,
    "strict": true,
    "undef": true,
    "sub": true,
    "bitwise": true,
    "newcap": true,
    "immed": true,
    "browser": true,
    "es3": true,
    "nonbsp": true,
    "freeze": true,
    "globals": {
        "_" : true,
        "it": true,
        "xit": true,
        "iit": true,
        "describe": true,
        "ddescribe": true,
        "xdescribe": true,
        "jQuery": true,
        "expect": true,
        "angular": true,
        "sinon": true,
        "beforeEach": true,
        "afterEach": true,
        "inject": true,
        "waitsFor" : true,
        "runs" :true
    }
}